<?xml version="1.0" encoding="UTF-8"?>
<beans xmlns="http://www.springframework.org/schema/beans"
    xmlns:xsi="http://www.w3.org/2001/XMLSchema-instance" xmlns:context="http://www.springframework.org/schema/context"
    xmlns:c="http://www.springframework.org/schema/c"
    xsi:schemaLocation="http://www.springframework.org/schema/beans http://www.springframework.org/schema/beans/spring-beans.xsd
        http://www.springframework.org/schema/context http://www.springframework.org/schema/context/spring-context-4.3.xsd">
    <context:component-scan base-package="priv.hgs.ssm">
        <context:exclude-filter type="annotation"
            expression="org.springframework.stereotype.Controller" />
    </context:component-scan>
    
    <!-- 加载配置文件 -->
    <bean
        class="org.springframework.beans.factory.config.PropertyPlaceholderConfigurer">
        <property name="location" value="classpath:jdbc.properties"></property>
    </bean>
    
    <!-- 配置数据源 -->
    <bean id="dataSource" class="com.alibaba.druid.pool.DruidDataSource"
        init-method="init" destroy-method="close">
        <property name="driverClassName" value="${jdbc.driver}" />
        <property name="url" value="${jdbc.url}" />
        <property name="username" value="${jdbc.username}" />
        <property name="password" value="${jdbc.password}" />
        <!-- 初始化连接大小 -->
        <property name="initialSize" value="${initialSize}"></property>
        <!-- 同一时间连接池最大数量 0则无限制 -->
        <property name="maxActive" value="${maxActive}"></property>
        <!-- 连接池最大空闲 池里不会被释放的最多空闲连接数 0则无限制 -->
        <!-- <property name="maxIdle" value="${maxIdle}"></property> -->
        <!-- 连接池最小空闲 在不创建新连接的情况下，池中保持空闲的最小连接数 -->
        <property name="minIdle" value="${minIdle}"></property>
        <!-- 获取连接最大等待时间 -->
        <property name="maxWait" value="${maxWait}"></property>
    </bean>
    
    <!-- DAO接口所在包名，Spring会自动查找其下的类,,这里通过配置文件的方式 -->
    <bean id="sqlSessionFactory" class="org.mybatis.spring.SqlSessionFactoryBean">
        <property name="dataSource" ref="dataSource" />
        <!-- 添加mybatis的配置文件，如果没有可以不添加 -->
        <property name="configLocation" value="classpath:mybatis.cfg.xml"></property>
        <!-- 自动扫描mapping.xml文件 -->  
       <property name="mapperLocations" value="classpath:com/cbh/mapping/*.xml"/>
    </bean>
    
    <!-- 扫描接口包 -->
    <bean class="org.mybatis.spring.mapper.MapperScannerConfigurer">
	    <property name="basePackage" value="com.cbh.dao"/>
	    <property name="sqlSessionFactoryBeanName" value="sqlSessionFactory"/>
	</bean>
    
    <bean class="org.mybatis.spring.SqlSessionTemplate"
        c:sqlSessionFactory-ref="sqlSessionFactory">
    </bean>
</beans>